"locus","a1","a2","amplificado"
"D3S1358","13","19",TRUE
"VWA","17","17",TRUE
"D16S539","11","12",TRUE
"D2S1338","28","21",TRUE
"D8S1179","19","13",TRUE
"D21S11","34","24",TRUE
"D18S51","drop-out","drop-out",FALSE
"D19S433","drop-out","drop-out",FALSE
"TH01","5","7",TRUE
"FGA","27","30",TRUE
"CSF1PO","9","15",TRUE
"D13S317","drop-out","drop-out",FALSE
"D7S820","13","14",TRUE
"D5S818","13","8",TRUE
"TPOX","9","13",TRUE
"D1S1656","16","19",TRUE
"D2S441","8","8",TRUE
"D10S1248","9","18",TRUE
"D12S391","drop-out","drop-out",FALSE
"D22S1045","16","11",TRUE
